resort_uuid	location_uuid	role	is_primary	resort_name	location_name
f12cecf9-def8-43d3-b9df-80f93472f16f	0d0a2b6e-3f1f-4a9d-9f5b-1b0f6c2a7d01	BASE	yes	Verbier	Verbier village
532151df-47a0-497b-b168-09f975f7d07d	0d0a2b6e-3f1f-4a9d-9f5b-1b0f6c2a7d06	BASE	yes	Thyon	Thyon 2000
9cf90fc9-46b0-4ce3-bf4c-5dc9cabd2374	0d0a2b6e-3f1f-4a9d-9f5b-1b0f6c2a7d0a	BASE	yes	Silvaplana	Silvaplana
4b0941b3-4293-4343-896a-03cd606bd744	0d0a2b6e-3f1f-4a9d-9f5b-1b0f6c2a7d0b	BASE	yes	Sils-Maria	Sils-Maria
0791db43-d986-42ef-a247-46b0da5b8021	ccd6d058-9909-5af4-8bdb-2c55fc30cdae	TOP	no	Adelboden	Luser
cba3dc70-c1e0-4def-bbd0-cb3e332169f8	e81a739d-02e7-50ed-bd03-75da210e5711	TOP	no	Airolo	Pizzo di Fieud
06684883-d502-574e-a96f-e4fc3402cc38	ba4e13ba-d43a-536d-bafb-8742cad55464	TOP	no	Alt St. Johann - Sellamatt	Hungbüchel
12af26c8-0227-57e9-860f-51ae0d55957c	e62f04d4-2eac-5ad3-aa78-9b57a29ddb6e	TOP	no	Amden-Arvenbüel	Heidenbüel
fe02a2d3-d79b-4098-b6ac-54646f855742	3b5c6d8f-d8fb-5cea-adf5-b068d132c6eb	TOP	no	Andermatt	Gemsstock
15b3a592-7810-526b-983a-5a2b47b78d74	b911163e-af37-5d92-b232-b8de6e6d1d0b	TOP	no	Anzère	Le Baté
32765e7a-1146-466a-9c07-1efbdac7958f	8e3980fc-327a-52f8-ad5e-f2fcd49490eb	TOP	no	Arolla	Mont des Ritses
b636f01d-9ea0-4bc0-b64b-e7cd144faaf7	47c8c0e3-54bf-5858-9880-9c84fc36dc07	TOP	no	Arosa	Weisshorn
cb5977be-952a-463a-84df-a331efafd26a	70f358f7-1938-59aa-a6d6-d824ff2bf1f2	TOP	no	Avers	Guggernüll
7b47ff43-baca-55f4-ab9e-119bb7f31cfe	472bc4cb-a6e7-583b-9e56-012561f56ea0	TOP	no	Axalp ob Brienz	Blasenhubel
ec426d23-8134-5ef9-99a9-f99db1641411	2c181cb8-24f0-5d81-96bf-c819fcd60c6a	TOP	no	Bannalp	Rinderbalm
d23ee1cd-1ec3-4892-9ca8-fb800c323ca9	b33b895f-8b58-5cae-8830-e443a3e49853	TOP	no	Beatenberg	Niederhorn
740a7437-4d07-42c0-b225-b9566ed1ae06	238559e4-9888-59f2-9147-a9be1a35cbb7	TOP	no	Bedretto	Costone
50b1a98d-2258-55c7-990c-ec8388d028e6	61752eb3-19a4-5fdd-8839-fd6714cf6981	TOP	no	Bellwald	Chlis Fülhorn
32cf26e9-55a6-41c6-b0c6-5bf21ffbd066	97b1bc96-2c3e-509c-ad98-98853e592727	TOP	no	Bergün	Chantota
60794e7d-402d-495b-831d-cc878b7c6477	1933b474-f870-5fb3-a503-0ec0f62e675b	TOP	no	Bettmeralp	Bettmergrat
0d1aa0d2-de02-446f-bf0a-cefd87faf7a7	efafb5ee-a73f-5133-8d5a-ae7515e39a55	TOP	no	Bivio	Büel
7a80c9b5-06d2-5a46-b097-caf27bd5bc62	15e3c3cc-6682-56a2-a445-5acf0a2c4393	TOP	no	Blatten-Belalp	Schilthorn
b5d4a4cc-1334-5a97-8859-1e5c9c06a2d8	5cae120c-33a5-508b-b6bc-a16bb31a8e9c	TOP	no	Brigels/Waltensburg/Andiast	Fil
fa06c765-1d1a-59bb-b3e6-ca00fa298b56	43beae26-b9ec-5a32-91ad-709324e13c32	TOP	no	Brunni - Alpthal	Ruchegg
ffdb671a-7911-59fc-96a5-d3b84c6eb325	97e67772-2ac9-5cdc-9e69-6f0bdd2ec303	TOP	no	Brunni - Engelberg	Scheideggstock
88b0556c-2e92-5463-9687-8379241c3770	4acc50f9-7137-55c6-a510-4e6efc7b426a	TOP	no	Carì	Mottarone
763a60e9-caf7-413d-9c0d-d496d0ea040e	f2a78080-0be7-52cf-8111-e75706b4ce55	TOP	no	Champex	Luy Blanche
74e2b3bc-8e84-4396-81ca-108bd09cd774	a0d6d3c7-ed8c-5b55-8d64-a29d45508574	TOP	no	Chandolin	Rothorn
b7eeb4e7-a773-4fe3-b2b7-f6566cfa9e2b	afa6bdb8-b319-5d84-b5b8-608178dc984a	TOP	no	Charmey	Vounetse
0490f13a-5b53-55f9-a70d-718d1d4c72d6	c3bf15ac-b231-5f9a-bb52-d1fbc7f26435	TOP	no	Chur Brambrüesch	Furggabüel
28c56f6f-ecdd-4b64-8709-bf588230d2ea	b2ff92dd-39e0-5a06-8876-ff24061f48f7	TOP	no	Crans-Montana	Pointe de la Plaine Morte
cfb1b956-4051-4c28-b5b9-88a0067cc6e5	1f34d133-6148-5bd4-9a53-36cdcbad031e	TOP	no	Davos	Weissflue
976a5009-e69e-558e-9b8c-d8c9b6e2018e	a3e9007c-e17f-55db-a0e7-7fde72df0ec8	TOP	no	Ebenalp - Wasserauen	Bogartenmanndli
4b711fc0-2355-4d83-839d-a5164313d5c8	0074b729-4c71-5108-96e8-758e63ea8eee	TOP	no	Elm	Chämmler
2a92771f-c4dc-4a64-8ec9-950f1afcd952	6017607b-0380-577e-9883-3ed0192af5e8	TOP	no	Engelberg	Reissend Nollen
e5aac11b-1fdf-5952-8423-4151e456e6af	050fb902-93e1-54b0-ab34-6c2e1f1eaf65	TOP	no	Engstligenalp	Bodezehore
2a79226c-eeb3-4df1-8bee-54c6fa00618a	85f21bfd-5022-5455-9cf8-a59048a85eb5	TOP	no	Evolène	Le Touenno
0b0a3dc6-ac18-5d58-8045-4bb5e1f8adfc	80340d0f-ed58-5ff7-952b-d7a69bda7806	TOP	no	Fideriser Heuberge	Glattwang
34693526-1076-4f89-8a58-06ad1a54d88b	6760fcfd-d84e-5ec6-91e9-3318fb0f7a14	TOP	no	Flims	Glarner Vorab
d0407dac-5400-4864-8667-36fe6ac042f6	4958c66c-7ed2-5df2-872b-675fae140ff5	TOP	no	Flumserberg	Spalt
ca8f664b-8bd7-40bf-8015-54d08ce5dcca	f537bd5b-d79e-5f32-9112-ddaa8d10f750	TOP	no	Frutigen	Ochse
c8c3de47-8ec3-45c3-9a3b-647d96f880c5	71ee11a6-04c9-508a-a0ee-a11a3cce688f	TOP	no	Grimentz	Corne de Sorebois
b6854f15-652d-4f41-999b-d384fb496d00	3a725121-cc97-58dc-8425-321cdabdb927	TOP	no	Grimmialp	Geissfluh
7ba892a8-e129-46f5-9c95-fe1391e56efc	96daa353-d07a-59be-8699-efadccaada8f	TOP	no	Grindelwald	Lauberhorn
14ebed62-2769-4918-ad7e-e45392487515	4f1d6f00-6fa5-5d99-a3ea-bd81c0fd580f	TOP	no	Gryon	Le Chamossaire
bbb3d82c-9115-56a5-9bfb-915c83c75af2	be8fa42e-b7ca-5ea2-82ad-46ee059d8ce9	TOP	no	Grächen	Distelhorn
97b18c6a-7adb-5152-9726-61033044fee7	61a2fbc7-6f69-5631-82e0-023fd9992efe	TOP	no	Grüsch Danusa	Höreli
0ac82ef8-b266-5461-8231-91d33f314999	0e5b92ca-524c-52d2-a20b-0490ca645437	TOP	no	Haldigrat	Klein Storchen
4c982ac5-85e6-4aa7-aee5-7906c1e758f9	68f1cea0-2749-5ce3-a7a5-546747a6aced	TOP	no	Hasliberg	Höhi Egg
b3fb5973-b2a2-51bf-ab7d-98d430455351	0d8ef6e3-eeb8-58c8-86a7-1cdfa02facd5	TOP	no	Hoch-Ybrig	Grotzligütsch
c199ed30-6934-51ce-b3b9-93db5b7ca055	5b7aad38-f639-59e7-85e2-ccb83ca685da	TOP	no	Hochwang	Montalin
c5962835-e2aa-4258-b364-862d257eaea3	07604fe5-d70b-533c-8d0f-0ff8a3959514	TOP	no	Jaun	Spitzhubel
4562ec07-0948-5ee6-90a2-9cee30e991e6	2ed85fed-a5aa-5973-9e2a-f33dc9906bd4	TOP	no	Klewenalp-Stockhütte	Zingel
e2b9b0bc-c32d-4118-8a61-0b6fb338bc35	1f34d133-6148-5bd4-9a53-36cdcbad031e	TOP	no	Klosters	Weissflue
422415af-4477-4222-a370-84f3d95eabdf	f2a78080-0be7-52cf-8111-e75706b4ce55	TOP	no	La Fouly	Luy Blanche
4d8ef9bc-8222-4d75-be92-2aff7f444897	6760fcfd-d84e-5ec6-91e9-3318fb0f7a14	TOP	no	Laax	Glarner Vorab
8152192b-ae61-5ae7-8dc3-d50dee168ea3	2b3b0d48-26b2-586d-915f-235a9919f30a	TOP	no	Lauenen	Seebüel
0b1d5b04-22da-48a2-967c-cbc28e7cf5f6	4acbaa81-018e-5950-9ce1-404bd637c7bd	TOP	no	Lenk	Leiterli
3df17365-3b1b-473b-bf9b-1c726a134b42	4f1d6f00-6fa5-5d99-a3ea-bd81c0fd580f	TOP	no	Les Diablerets	Le Chamossaire
1df74e40-6d61-5557-af48-7344dd91a093	57d8adce-01f3-5287-8fde-08f6e3ceece3	TOP	no	Les Mosses-La Lécherette	Tête du Lévanchy
46b0c7c5-2899-4507-9f87-65e36f2c3cde	3e6481a4-f5ae-5957-a601-76c9f98fc255	TOP	no	Leukerbad	Uf Fersyn
9b08079a-9b73-4e0c-b4ca-a8a40c4f933c	4f6ec2ef-fa59-5d78-9808-311f66899710	TOP	no	Leysin	Chaux de Mont
9e2f63b5-5f8e-4114-ac86-c1c9e643fe1b	4e91f849-2dba-54ad-aca9-9b138ead7ac1	TOP	no	Lötschental	Schwarzhorn
8b6163c0-29c3-4a62-9e6c-3926a5a392f5	68f1cea0-2749-5ce3-a7a5-546747a6aced	TOP	no	Meiringen	Höhi Egg
daf160e5-62ef-4298-9a33-f24121a9e3a5	b942141c-2a84-55a1-af36-32e1b5f02806	TOP	no	Melchsee-Frutt	Murmelchopf
ec9d8e2f-dd18-4482-81ff-a934ba9b66aa	1c50c21a-643e-5f4b-a4f9-aee525011dea	TOP	no	Moléson	Le Moléson
ce636e6c-971f-5b08-b8f9-e57246108ad6	ca75f7ea-9834-50c0-8eef-6f2b4b140bb0	TOP	no	Mythenregion	Geissstock
f281925f-94c8-52b3-9688-f69d79a13505	c2c19598-4240-5342-b3c5-b58faf169106	TOP	no	Mörlialp	Alpoglerberg
1b199d73-600d-4921-9b15-4b45a6d67d9b	a97a66ee-4bca-5e4b-b792-ccaca6983572	TOP	no	Mürren	Schilthorn
44bfdeb2-8522-56d8-a38c-aaa6d2c8a241	f09a818f-4722-53aa-96f6-1be2f553b001	TOP	no	Nax - Mont-Noble	La Bréchette
5d64fb14-e65e-4c89-bad0-ffebe0fb8eb4	e82198bc-8a47-55e9-9273-586cdf9d67fe	TOP	no	Nendaz	Mont Fort
fd30b251-fe78-4591-9645-60fbb7b71ae5	31016301-0d4c-5551-b627-f4cd36cf0988	TOP	no	Rochers-de-Naye	Rochers de Naye
211e743b-e0e6-5e77-aee3-8c6cec23d0ef	b57fa53e-83f5-5ad6-9d00-48d21531fffb	TOP	no	Rougemont - La Videmanette	Rocher à Pointes
cb1919a0-e042-4f21-9ae1-b1a47abf8dc6	ef5643d8-4baa-564e-8008-4af8cc570c00	TOP	no	Saas-Almagell	Guggilihorn
1f5470a5-1aae-4577-a8dd-31bef8e7a961	72a583f4-0d0a-5402-bcce-44ef35125402	TOP	no	Saas-Fee	Gemshorn
4b88a193-bc01-45e9-ba21-29071da163a2	dac86d7b-1060-5477-8835-9c1941ec9e02	TOP	no	Saas-Grund	Jegihorn
6555f088-e308-4487-a08d-5210bb0cc4c1	226d1ad0-3036-54d7-9d26-2e53bb1f48aa	TOP	no	San Bernardino	La Guardia
bd1a0b13-face-5972-a14f-52eb1f9e5955	8428cd3e-eb06-55bc-8658-257935e02926	TOP	no	Sarn (Heinzenberg)	Tgom'Aulta
64597f5e-8214-46b7-9446-4f5f262358bf	606b4710-e84d-5198-b05b-6e401807e1b2	TOP	no	Savognin	Piz Arlos
3d6f6c30-cf77-5783-aeb8-8525ba540463	2fe8b352-6c83-5fd5-8a27-a24d1c65275a	TOP	no	Schwarzsee	Wannelschilchli
2711d130-9eaa-5659-a0a9-0fc2c094362c	c7f39150-34ec-52dc-9b61-d4c76b17b307	TOP	no	Sedrun	Piz Pali
aa86cfde-2f39-416e-8aa9-8572d4845a7d	8cc97a22-1a83-5fae-83a9-6d3ae76d3c98	TOP	no	Splügen	Caschlera
a5a714f8-1e4e-4e6c-8812-b964f677e3f5	a0d6d3c7-ed8c-5b55-8d64-a29d45508574	TOP	no	St-Luc	Rothorn
98bd56e7-aa00-5867-b5ef-56ef194bc172	15003d40-87d8-5784-ad52-12951bde989c	TOP	no	St. Antönien	Büheli
1e056210-9479-4673-a6c3-368e7c15f1bb	7a319249-b823-5e04-a766-439deff73229	TOP	no	St. Moritz	Piz Nair
2fc9653c-cbe0-510f-82ce-81b538490b6e	b87de6e6-595a-5c40-9fea-6004c91002e8	TOP	no	Stoos	Klingenstock
0be39bee-9c0d-5f10-be00-ab2c6b4211bd	84fd9bec-6011-50af-9b38-4239497b14a2	TOP	no	Säntis - Schwägalp	Girenspitz
e95120fe-c256-542a-9d08-7924d184a0fc	fb6c02f0-d2fb-577d-b31d-fe3b03339935	TOP	no	Sörenberg	Schongütsch
e00b6a66-c07a-5500-8aa0-77e76526afb1	9e4a9850-da45-525a-9c79-fa76382e8be6	TOP	no	Tschiertschen	Malakoff
af062716-f033-5d12-bf91-f42203453a3c	0b2e19b7-0747-5b25-a3e5-5ff1ada1624b	TOP	no	Unterbäch	Distelhorn
f12cecf9-def8-43d3-b9df-80f93472f16f	e82198bc-8a47-55e9-9273-586cdf9d67fe	TOP	no	Verbier	Mont Fort
046c746b-d810-4a94-858d-105f311790d0	e82198bc-8a47-55e9-9273-586cdf9d67fe	TOP	no	Veysonnaz	Mont Fort
958e98c8-d45b-444e-8235-10a1ed07ef3e	4f1d6f00-6fa5-5d99-a3ea-bd81c0fd580f	TOP	no	Villars-sur-Ollon	Le Chamossaire
10f80c71-bc57-4b07-8e79-9affe54a51ac	96daa353-d07a-59be-8699-efadccaada8f	TOP	no	Wengen	Lauberhorn
1f358f4f-7b92-5e26-87f0-7274789e5c20	1553c077-0ddd-5d27-981a-75eccc73ba47	TOP	no	Wiriehorn	Abendberg
699f832d-b7d8-457b-98ad-2e234ed23c01	eb44b56b-502a-5a32-a244-1bd716bd6f9c	TOP	no	Zermatt	Wellenkuppe
b2b8ceb0-4b0f-455c-8d32-7dcc413e82f8	71ee11a6-04c9-508a-a0ee-a11a3cce688f	TOP	no	Zinal	Corne de Sorebois
579aefe6-fd6b-49c5-8e9e-39a079a58659	71b404ef-9c06-5322-9602-248cbaf0808c	TOP	no	Zweisimmen	Vordere Spitz
