uuid	name	kind	tier	canton	region	latitude	longitude	name_alt	operator_name	website	why_it_matters	top_elevation_m	base_elevation_m	num_runs	num_lifts	total_piste_km	typical_season_open	typical_season_close	note
f12cecf9-def8-43d3-b9df-80f93472f16f	Verbier	RESORT	CORE	VS	CH-4115			Les 4 Vallées	Téléverbier	https://www.verbier.ch		3330	1500	92	34	210	12-01	04-30	
5d64fb14-e65e-4c89-bad0-ffebe0fb8eb4	Nendaz	RESORT	CORE	VS	CH-4115			Les 4 Vallées	NV Remontées Mécaniques SA	https://www.nendaz.ch		3330	1400		82	410	11-01	04-30	Domain-wide 4 Vallées figures, shared with Verbier/Veysonnaz/Thyon
046c746b-d810-4a94-858d-105f311790d0	Veysonnaz	RESORT	STANDARD	VS	CH-4115			Les 4 Vallées	NV Remontées Mécaniques SA	https://www.veysonnaz.ch		3330	1300		82	410	11-01	04-30	Domain-wide 4 Vallées figures, shared with Verbier/Nendaz/Thyon
532151df-47a0-497b-b168-09f975f7d07d	Thyon	RESORT	STANDARD	VS	CH-4115			Les 4 Vallées	Télé-Thyon SA (Téléverbier group)	https://www.thyon.ch		3330	2095		82	410	11-01	04-30	Domain-wide 4 Vallées figures, shared with Verbier/Nendaz/Veysonnaz
763a60e9-caf7-413d-9c0d-d496d0ea040e	Champex	RESORT	STANDARD	VS	CH-4113				TéléLaFouly-ChampexLac SA	https://www.saint-bernard.ch		2194	1468		4	15			Small local area (Champex-Lac); lift co. shared with La Fouly. Season dates not published
422415af-4477-4222-a370-84f3d95eabdf	La Fouly	RESORT	STANDARD	VS	CH-4113				TéléLaFouly-ChampexLac SA	https://www.saint-bernard.ch		2172	1607		4	15	12-20	04-05	Small local area (Val Ferret); lift co. shared with Champex
4d08f6a9-62e6-4e88-9a99-eb335c824256	Haut Val de Bagnes	TOURING_TERRAIN	STANDARD	VS	CH-4116			Mauvoisin											hiking valley with dam (Mauvoisin), no lifts
699f832d-b7d8-457b-98ad-2e234ed23c01	Zermatt	RESORT	CORE	VS	CH-4222			Matterhorn	Zermatt Bergbahnen AG	https://www.matterhornparadise.ch		3899	1620		51	322	11-01	04-30	Combined Zermatt-Cervinia (Matterhorn Paradise) domain; glacier sector near year-round
1f5470a5-1aae-4577-a8dd-31bef8e7a961	Saas-Fee	RESORT	CORE	VS	CH-4223			Saas Valley	Saastal Bergbahnen AG	https://www.saas-fee.ch		3573	1800		23	100	07-15	04-30	Glacier resort; summer glacier skiing in addition to the main winter season
4b88a193-bc01-45e9-ba21-29071da163a2	Saas-Grund	RESORT	STANDARD	VS	CH-4223			Saas Valley	Hohsaas AG (Saastal Bergbahnen group)	https://www.saas-fee.ch		3200	1559		8	26.1	12-15	04-15	Hohsaas area serving Saas-Grund/Saas-Balen
cb1919a0-e042-4f21-9ae1-b1a47abf8dc6	Saas-Almagell	RESORT	STANDARD	VS	CH-4223			Saas Valley		https://www.saas-fee.ch		2347	1684		7	15.4	12-19	04-04	Small local Heidbodme area; operating company name unconfirmed
28c56f6f-ecdd-4b64-8709-bf588230d2ea	Crans-Montana	RESORT	CORE	VS	CH-4121				Crans-Montana Aminona SA (CMA)	https://www.crans-montana.ch		2927	1510		24	140	11-28	04-04	
46b0c7c5-2899-4507-9f87-65e36f2c3cde	Leukerbad	RESORT	STANDARD	VS	CH-4211				My Leukerbad AG	https://leukerbad.ch		2610	1411		13	47.5	12-05	04-11	Torrent-Bahnen area; separate Gemmi-Bahnen AG runs the Gemmi cable car
c8c3de47-8ec3-45c3-9a3b-647d96f880c5	Grimentz	RESORT	CORE	VS	CH-4124			Val d'Anniviers	Remontées Mécaniques de Grimentz-Zinal SA	https://www.valdanniviers.ch		2900	1570		21	115	11-28	04-18	Shared combined Grimentz-Zinal ski area
b2b8ceb0-4b0f-455c-8d32-7dcc413e82f8	Zinal	RESORT	CORE	VS	CH-4124			Val d'Anniviers	Remontées Mécaniques de Grimentz-Zinal SA	https://www.valdanniviers.ch		2900	1675		21	115	11-28	04-18	Shared combined Grimentz-Zinal ski area
e4cd30a7-5578-45d7-98fd-278f3ae0163b	Vercorin	RESORT	STANDARD	VS	CH-4124			Val d'Anniviers	Télécabine de Vercorin SA	https://www.vercorin.ch		2374	1340		10	35	11-28	04-18	Independent area, not lift-connected to Grimentz-Zinal
a5a714f8-1e4e-4e6c-8812-b964f677e3f5	St-Luc	RESORT	STANDARD	VS	CH-4124			Val d'Anniviers	Funiculaire St-Luc - Chandolin SA	https://www.stluc-chandolin.ch		3000	1680	31	15	60	12-18	04-11	Shared St-Luc/Chandolin domain; figures are domain-wide
74e2b3bc-8e84-4396-81ca-108bd09cd774	Chandolin	RESORT	STANDARD	VS	CH-4124			Val d'Anniviers	Funiculaire St-Luc - Chandolin SA	https://www.stluc-chandolin.ch		3000	1936	31	15	60	12-18	04-11	Shared St-Luc/Chandolin domain; figures domain-wide, base = Chandolin village 1936 m
32765e7a-1146-466a-9c07-1efbdac7958f	Arolla	RESORT	CORE	VS	CH-4123				Remontées Mécaniques des Fontanesses SA	https://www.evolene-region.ch		2877	1984	17	6	26.7	12-12	04-18	Espace Dent-Blanche is a shared PASS, not a connected domain; figures are Arolla only
18fbdc9c-531d-41a0-93ac-7ac24b11c99c	Les Haudères	RESORT	MINOR	VS	CH-4122			Val d'Hérens	Evolène Région Tourisme	https://www.evolene-region.ch		1447	1441	1	1	0.1	12-13	03-15	Only lift is the Homazo baby lift; the real nearby area is La Forclaz/La Sage
2a79226c-eeb3-4df1-8bee-54c6fa00618a	Evolène	RESORT	STANDARD	VS	CH-4122			Val d'Hérens	Télé-Evolène SA	https://www.evolene-region.ch		2632	1404	15	5	41.1	12-19	03-21	Lannaz-Chemeuille sector of Espace Dent-Blanche; not lift-connected to Arolla
f5d9412f-3d79-4c20-9e42-9d9d7feda5f1	Riederalp	RESORT	CORE	VS	CH-4214			Aletsch Arena	Aletsch Bahnen AG	https://www.aletscharena.ch		2869	1925		35	104	12-05	04-03	Sector of the connected Aletsch Arena domain; run count not published by operator
60794e7d-402d-495b-831d-cc878b7c6477	Bettmeralp	RESORT	CORE	VS	CH-4214			Aletsch Arena	Aletsch Bahnen AG	https://www.aletscharena.ch		2869	1948		35	104	12-05	04-03	Sector of the connected Aletsch Arena domain; run count not published by operator
35f6b0c1-5872-4000-b2a5-31fda7be73f0	Fiescheralp	RESORT	STANDARD	VS	CH-4214			Aletsch Arena	Aletsch Bahnen AG	https://www.aletscharena.ch		2869	2212		35	104	12-05	04-03	Sector of the connected Aletsch Arena domain; Eggishorn cableway starts here
ef6b7fb9-2000-4069-ad5b-cdff0cf340c8	Turtmann	TOURING_TERRAIN	STANDARD	VS	CH-4212			Turtmanntal											side valley; the Turtmann-Unterems-Oberems cableway is public transport, no pistes
2cc5cc84-b1c9-4c0d-a75e-7e67954ce5c9	Brig	RESORT		VS	CH-4231			Simplon north											NOT_A_SKI_RESORT - Rhône valley town (~680 m), rail/road gateway, no lifts
078312df-9387-40f0-9cda-ee228789efd7	Simplon village	RESORT		VS	CH-4232			Simplon south											NOT_A_SKI_RESORT - Simplon Dorf has no lifts; nearest area is Rothwald/Wasenalp
9eb3d919-1c3e-48c1-86d8-cf821f3c213f	Reckingen	RESORT	MINOR	VS	CH-4244			Goms	Skilift Gluringen AG	https://www.skilift-gluringen.ch		1445	1333		2	1.2			Village beginner lift (stands at Gluringen); season dates not published. Goms is mainly cross-country
36503a41-8ed0-492d-af8a-0a4ce135223e	Münster	RESORT	MINOR	VS	CH-4243			Goms	Skilift Münster-Geschinen AG	https://www.skilift-muenster-geschinen.ch		1645	1363		2	3	12-13	03-22	Small beginner/family area with lifts at Münster and Geschinen
605263a8-d26e-449a-80f5-335283234d78	Ulrichen	RESORT		VS	CH-4244			Goms											NOT_A_SKI_RESORT - cross-country/biathlon hub, no alpine lifts
34361709-215a-48a6-a0e6-336836d97c76	Obergoms	RESORT	MINOR	VS	CH-4244			Goms upper	Skilift Oberwald	https://www.goms.ch		1404	1373		1	0.2			Municipality (Oberwald/Obergesteln/Ulrichen); only the village Skilift Oberwald. Hungerberg closed 2009
b145ab2a-3baf-44f0-b29e-11f4d9fe1fdf	Binntal	TOURING_TERRAIN	STANDARD	VS	CH-4242														nature park valley; only a ~300 m village drag lift at Binn
e1b57e17-6684-4e16-94e3-a613fea77165	Champéry	RESORT	CORE	VS	CH-1312			Portes du Soleil	Portes du Soleil Suisse SA	https://www.regiondentsdumidi.ch		2254	1050	286	196	600	12-15	04-15	Domain-wide Portes du Soleil (CH+FR) figures; local Planachaux sector tops ~2277 m
8fabb954-402d-4c37-90f4-e95eeb704e82	Morgins	RESORT	STANDARD	VS	CH-1312			Portes du Soleil	Portes du Soleil Suisse SA	https://www.regiondentsdumidi.ch		2254	1350	286	196	600	12-15	04-15	Domain-wide Portes du Soleil figures; local La Foilleuse sector tops ~2000 m
19603044-00c3-4f50-8d52-484d27f52b24	Torgon	RESORT	STANDARD	VS	CH-1311				SETT Sàrl	https://www.torgon.ch		2254	1085	286	196	600	12-15	04-15	Domain-wide Portes du Soleil figures; Torgon sector is small (~4 lifts). Télé-Torgon SA went bankrupt, lifts bought by SETT Jan 2025
633a764c-08e0-4fcf-b69b-da70de27c3e0	Mountet	TOURING_TERRAIN	STANDARD	VS	CH-4125			Zinal hut											Cabane du Grand Mountet, SAC mountaineering hut at 2886 m
3d54498b-b60d-4908-bd1c-860491ab0669	Monte Rosa	TOURING_TERRAIN	STANDARD	VS	CH-4224			Zermatt high											glacier/massif above Zermatt, touring terrain; lift access via Zermatt Bergbahnen
cdc7103d-85c9-45c4-8914-1821ab1f5b00	Mattmark	TOURING_TERRAIN	STANDARD	VS	CH-4225			Saas high											reservoir and dam above Saas-Almagell, road closed in winter
d2358429-765b-40be-b998-02c6cfe164df	Stalden	RESORT		VS	CH-4221			untere Vispertäler											NOT_A_SKI_RESORT - valley village (~800 m) at the Matter/Saas junction, no lifts
fd2b3960-7d91-4359-883e-8bb3afba4e88	Fully	RESORT		VS	CH-4114			Isérables											NOT_A_SKI_RESORT - Rhône valley wine commune (~460 m), no ski area
2d7b1d1c-545d-4bc1-83fc-6eefdd1acadf	Nendaz lower	RESORT		VS	CH-4121			Sion area											NOT_A_SKI_RESORT - Basse-Nendaz sits below the ski area; lifts start at Haute-Nendaz/Siviez
d939a001-6e76-414b-8487-ed1de9ab8ca5	Goms	RESORT		VS	CH-4242			Münster-Goms	Skilift Münster-Geschinen AG	https://www.skilift-muenster-geschinen.ch		1645	1363		2	3	12-20	03-23	NOT_A_SKI_RESORT - merged into Münster (SNOW-544). Goms is primarily cross-country (~100 km loipe); figures are its one small alpine area. Duplicates the Münster row
bb1be8b8-66a6-42b7-99da-1fd35c1e2a81	Génépy	TOURING_TERRAIN	STANDARD	VS	CH-4112														no lift-served area under this name; high alpine terrain
8b338bc5-43c6-427d-8c14-6e29913f303a	Val d'Entremont	RESORT	STANDARD	VS	CH-4113			Grand-St-Bernard	Télés Vichères-Liddes	https://vicheres.ch		2267	1595		4	15	12-15	03-25	Vichères-Liddes is the only lift-served area in Val d'Entremont; Grand-St-Bernard pass has none
1e056210-9479-4673-a6c3-368e7c15f1bb	St. Moritz	RESORT	CORE	GR	CH-7114			Upper Engadin	Engadin St. Moritz Mountains AG	https://www.stmoritz.com		3057	1772		23	155	11-28	04-04	Corviglia-Marguns-Piz Nair sector; village 1822 m, lift base 1772 m
5832b6be-1241-4d7d-8dcf-5109f49d9cd6	Pontresina	RESORT	STANDARD	GR	CH-7114			Upper Engadin	Diavolezza Lagalb AG	https://www.pontresina.ch		3006	2093		5	35	10-17	05-02	Pontresina village (1805 m) has no area of its own; its skiing is Diavolezza + Lagalb in Val Bernina
4b0941b3-4293-4343-896a-03cd606bd744	Sils-Maria	RESORT	STANDARD	GR	CH-7114			Upper Engadin	Corvatsch AG	https://www.corvatsch-diavolezza.ch		3303	1797	26	14	120	11-21	04-25	Village on the shared Corvatsch/Furtschellas domain; Furtschellas cable car departs Sils
9cf90fc9-46b0-4ce3-bf4c-5dc9cabd2374	Silvaplana	RESORT	STANDARD	GR	CH-7114			Upper Engadin	Corvatsch AG	https://www.corvatsch-diavolezza.ch		3303	1815	26	14	120	11-21	04-25	Shared Corvatsch/Furtschellas domain; lift base at Surlej 1870 m
40e0a460-49ee-4a24-8708-9ec545445088	Celerina	RESORT	STANDARD	GR	CH-7114			Upper Engadin	Engadin St. Moritz Mountains AG	https://www.mountains.ch		3057	1730	38	24	155	11-28	04-04	Own lift into the Corviglia/Marguns domain shared with St. Moritz
f2629ed9-dd68-4f70-bfef-4b2a0d184108	Corvatsch	RESORT	CORE	GR	CH-7111			Upper Engadin	Corvatsch AG	https://www.corvatsch-diavolezza.ch		3303	1870	26	14	120	11-21	04-25	Corvatsch (Silvaplana-Surlej) run as one domain with Furtschellas; 3303 m is the highest lift point in Graubünden
921ae01c-f7ec-4c11-a78d-bcdcf4c5f03e	Diavolezza	RESORT	CORE	GR	CH-7112			Upper Engadin	Diavolezza Lagalb AG	https://www.corvatsch-diavolezza.ch		2978	2093		4		10-17	05-02	Diavolezza sector only; piste km not published per sector (Diavolezza+Lagalb combined = 35 km / 5 lifts)
29e257f8-af9a-4778-b88e-2a7f57d50b0e	Bernina Pass	TOURING_TERRAIN	STANDARD	GR	CH-7112														road/rail pass (2328 m); the lift areas nearby are Diavolezza and Lagalb
43e828fc-dcc0-4136-bebc-9d6be9111dac	Zuoz	RESORT	STANDARD	GR	CH-7113			Lower Engadin	Sessel- und Skilifte Zuoz AG	https://www.zuozski.ch		2465	1716	11	5	15	12-19	03-14	Small local Pizzet/Albanas area, unconnected. Zuoz is Upper, not Lower, Engadin
a72da63f-6c7c-4723-8b82-a05e55b8790b	Zernez	RESORT		GR	CH-7113			Lower Engadin											NOT_A_SKI_RESORT - no lifts; cross-country centre and Swiss National Park gateway
0b70683f-96d6-41d7-82c6-d83d17aed6f4	La Punt	RESORT	MINOR	GR	CH-7113			Lower Engadin	Skilift Müsella La Punt-Chamues-ch	https://www.engadin.ch		1787	1698		2	1			Not a resort: one 1 km beginner slope, 2 practice lifts. Roughly mid-Dec to mid-Mar; dates not published
0e5df28c-c20d-45f0-986a-300855effe0b	Val Chamuera	TOURING_TERRAIN	STANDARD	GR	CH-7115			Samedan area											side valley above La Punt/Madulain, ski touring only
04f0cd24-b0d4-4289-8c32-4184cc725dc6	Scuol	RESORT	CORE	GR	CH-7123			Lower Engadin	Bergbahnen Scuol AG	https://www.bergbahnen-scuol.ch		2785	1250	25	12	70	12-13	04-12	Motta Naluns; access from Scuol, Ftan and Sent. Some sources quote 80 km incl. valley runs
aa34104c-a8cf-4033-a65a-5298ef9ff0ff	Ftan	RESORT	STANDARD	GR	CH-7123			Lower Engadin	Bergbahnen Scuol AG	https://www.bergbahnen-scuol.ch		2785	1648	25	12	70	12-13	04-12	Village on the Motta Naluns domain via the Ftan-Prui chairlift
95f516ff-b882-4fc3-8471-32e020104339	Samnaun	RESORT	CORE	GR	CH-7121				Bergbahnen Samnaun AG	https://www.samnaun.ch		2872	1840	78	45	239	11-26	05-02	Swiss side of the cross-border Silvretta Arena Samnaun/Ischgl; figures are the whole binational domain
51a404d8-4ff6-45a3-8144-0c80a20d8979	Ischgl (CH side)	RESORT		GR	CH-7121			Samnaun	Silvrettaseilbahn AG	https://www.ischgl.com		2872	1377	78	45	239	11-26	05-02	NOT_A_SKI_RESORT - merged into Samnaun (SNOW-544). DUPLICATE of Samnaun - same domain from the Austrian side. Ischgl (1377 m) is in Tyrol, AT. Do not sum with Samnaun
e5acc8aa-e371-4db2-992e-b169e91277dc	östliche Silvretta	TOURING_TERRAIN	STANDARD	GR	CH-7122														regional touring/avalanche-bulletin label, not a lift-served area
614ebf8f-92ee-4a82-ae97-e8b0642dff44	Val dal Spöl	TOURING_TERRAIN	STANDARD	GR	CH-7125			Swiss Nat. Park											inside Swiss National Park; skiing and off-path travel prohibited
ee7e9261-4f1e-44bc-9442-d189770dbff8	Val S-charl	TOURING_TERRAIN	STANDARD	GR	CH-7126			Lower Engadin											quiet side valley south of Scuol, touring and snowshoeing only
29beaae9-f665-4c5c-94da-b0f43f92d40f	Val Suot	TOURING_TERRAIN	STANDARD	GR	CH-7124			Scuol area											side valley in the Scuol/Zernez area, touring terrain only
9e8890d8-ecac-44ae-a616-544c0492e915	Münstertal	RESORT	STANDARD	GR	CH-7231			Val Müstair	Sportanlagen AG Val Müstair	https://www.minschuns.ch		2700	2150		4	25	12-19	03-21	Minschuns area above Tschierv; lift base Alp da Munt 2150 m, valley villages 1250-1660 m
2f5d441a-c356-4d91-96c4-6b4e5fd023f1	Santa Maria VM	RESORT	STANDARD	GR	CH-7231			Val Müstair	Sportanlagen AG Val Müstair	https://www.val-muestair.ch		2700	1386		4	25	12-19	03-21	Village (1386 m) with no lifts of its own; figures are the shared Minschuns area
a28c35ce-b660-422b-b3f2-9af56b2f8144	Poschiavo	RESORT	MINOR	GR	CH-7222			Valposchiavo		https://valposchiavo.ch					1				Valley town (~1014 m) with only a small children's tow at Viale; no marked ski area
2257396d-83be-4b42-a2f6-171445f817cc	oberes Puschlav	TOURING_TERRAIN	STANDARD	GR	CH-7221			Livigno area											upper Val Poschiavo/Bernina area; touring and cross-country only, Livigno's lifts are in Italy
c68d26de-f28f-4cf5-8c4b-025209568bba	Bergell	RESORT	MINOR	GR	CH-7211			Val Bregaglia	Bregaglia Engadin Turismo	https://www.bregaglia.ch		1601	1471	1	1	0.6	12-26	03-15	Val Bregaglia is mostly touring; only lift-served skiing is the Sur Cresta tow at Casaccia
47a8493c-1e5a-47ac-b8c5-d47846c5f357	Maloja	RESORT	MINOR	GR	CH-7211			Bergell	Bregaglia Engadin Turismo	https://www.bregaglia.ch		2100	1817	2	2	3	12-19	03-07	Small Aela T-bar plus pony lift. Operator announced Aela stays closed for winter 2026/27 for maintenance
cfb1b956-4051-4c28-b5b9-88a0067cc6e5	Davos	RESORT	CORE	GR	CH-5123			Davos Klosters	Davos Klosters Bergbahnen AG	https://www.davos.ch		2844	1560		57	300	11-07	04-11	Operator figures for the whole Davos Klosters network (Parsenn, Jakobshorn, Rinerhorn, Pischa, Schatzalp, Madrisa)
e2b9b0bc-c32d-4118-8a61-0b6fb338bc35	Klosters	RESORT	CORE	GR	CH-5112			Davos Klosters	Davos Klosters Bergbahnen AG	https://www.davos.ch		2844	1191		57	300	11-07	04-11	Same network/pass as Davos; Klosters' own mountains are Madrisa (26 km, 9 lifts) and Gotschna
6c9af0f7-a50c-4a03-8eb3-c63958aa13fa	Parsenn	RESORT	CORE	GR	CH-5123			Davos Klosters	Davos Klosters Bergbahnen AG	https://www.davosklostersmountains.ch		2844	810		18	95.5	11-07	04-11	Sector, not a standalone resort. Base 810 m is Küblis, foot of the 12 km Weissfluhgipfel-Küblis run
b636f01d-9ea0-4bc0-b64b-e7cd144faaf7	Arosa	RESORT	CORE	GR	CH-5122			Arosa Lenzerheide	Arosa Bergbahnen AG	https://arosalenzerheide.swiss		2653	1775	17	14	70	11-29	04-12	Arosa sector only; linked to Lenzerheide by the Urdenbahn (combined domain 225 km / 43 lifts)
2c2224c1-489f-465f-9af5-88f6bd3239d5	Lenzerheide	RESORT	CORE	GR	CH-5221			Arosa Lenzerheide	Lenzerheide Bergbahnen AG	https://arosalenzerheide.swiss		2865	1470	58	29	155	11-29	04-12	Lenzerheide sector (includes Churwalden lifts); combined Arosa Lenzerheide domain 225 km / 43 lifts
4fb3f3c9-8c22-48b8-b59c-8552cd18b4d8	Churwalden	RESORT	STANDARD	GR	CH-5221				Lenzerheide Bergbahnen AG	https://arosalenzerheide.swiss		2865	1229	58	29	155	11-29	04-12	Churwalden (1229 m) is the lowest base of the Lenzerheide domain
29d58cbc-76ee-4ef7-86fb-fed0be667c82	Küblis	RESORT		GR	CH-5112			Prättigau											NOT_A_SKI_RESORT - valley village and rail stop; finish of the Parsenn descent. Madrisa's lifts start at Klosters Dorf
0eeb9249-1c61-46eb-8db2-e9bab288992c	Schiers	RESORT		GR	CH-5111			Prättigau											NOT_A_SKI_RESORT - valley town; the Schiers-Stels cableway is public transport, not a ski lift
1e36f1f3-3181-44ab-bff0-c60b00a899b6	Conters	TOURING_TERRAIN	STANDARD	GR	CH-5112			südl. Prättigau											small village, no lifts; nearest are Pany-Luzein and Grüsch Danusa
186c3955-ab02-4dd7-b67d-c45a9bbada2b	westl. Silvretta	TOURING_TERRAIN	STANDARD	GR	CH-5113			Prättigau											regional ski-touring / avalanche-bulletin label, not a resort
34693526-1076-4f89-8a58-06ad1a54d88b	Flims	RESORT	CORE	GR	CH-5124			Flims Laax	Weisse Arena Bergbahnen AG	https://www.laax.com		3018	1100	55	30	216	11-28	04-11	Village of the connected Flims Laax Falera domain; figures are domain-wide
4d8ef9bc-8222-4d75-be92-2aff7f444897	Laax	RESORT	CORE	GR	CH-5124			Flims Laax	Weisse Arena Bergbahnen AG	https://www.laax.com		3018	1100	55	30	216	11-28	04-11	Village of the connected Flims Laax Falera domain; other databases quote 224 km / 28 lifts
bf1c87fb-50fc-4bdd-af15-7041dedc5ef2	Falera	RESORT	STANDARD	GR	CH-5211			Flims Laax	Weisse Arena Bergbahnen AG	https://www.laax.com		3018	1100	55	30	216	11-28	04-11	Village of the connected Flims Laax Falera domain; Falera village sits at ~1220 m
83a7bf69-1971-4f7e-a110-994c4e90fe36	Disentis	RESORT	CORE	GR	CH-5212			Disentis/Mustér	Bergbahnen Disentis AG	https://www.disentis.fun		2833	1227	21	12	60	11-28	04-06	Disentis 3000; daily operation from ~12-20. Separate, unconnected domain from Sedrun
6fd137fc-278d-4930-bd44-5766ff661281	Obersaxen	RESORT	STANDARD	GR	CH-5214				Bergbahnen Obersaxen Mundaun AG	https://www.obersaxen-mundaun.ch		2310	1201	49	15	120	12-06	04-06	Obersaxen Mundaun Val Lumnezia; Graubünden Tourism quotes 117 km, operator ~120 km
5ac9177a-51c2-486c-b4d3-899e61248a38	Safiental	RESORT	MINOR	GR	CH-5214				Genossenschaft Skilift Tenna	https://solar-skilift.ch		1791	1656		1	4	12-20	03-08	Only lift-served skiing in Safiental is the single Tenna solar ski lift; rest of the valley is touring
0b87990f-145c-4463-bfeb-f7ad24589bd3	Vals	RESORT	STANDARD	GR	CH-5215				Sportbahnen Vals AG	https://vals.ch		2851	1250	10	6	25	12-19	04-04	Vals-Dachberg; gondola Vals-Gadastatt plus drag lifts
73e0a5b2-5330-4039-a932-4b1b1d17a564	Zervreila	TOURING_TERRAIN	STANDARD	GR	CH-5216														reservoir and hamlet at the head of the Valsertal; nearest lifts are Vals-Dachberg
9a9c96af-1564-43ac-b924-c40f44af6597	Thusis	RESORT		GR	CH-5221			Domleschg											NOT_A_SKI_RESORT - valley town (~720 m); all nearby lifts are in Tschappina/Urmein on the Heinzenberg
101c4069-309e-4a02-aeb4-e6eb1a07bb17	Schams	TOURING_TERRAIN	STANDARD	GR	CH-5222			Viamala											no operating lift area (Zillis-Schamserberg defunct); sledging and winter hiking only
aa86cfde-2f39-416e-8aa9-8572d4845a7d	Splügen	RESORT	STANDARD	GR	CH-5223			Rheinwald	Bergbahnen Splügen-Tambo AG	https://www.spluegen.ch		2215	1484	14	7	30	12-19	04-04	Largest area in the Viamala/Rheinwald region. Graubünden Tourism quotes 6 lifts / 33 km
b7cbb696-32b0-4375-a77f-fbbe99cc4b3a	Hinterrhein	RESORT		GR	CH-5223			Rheinwald											NOT_A_SKI_RESORT - hamlet (~1620 m) at the head of the Rheinwald, cross-country only. Nearest area Splügen
0d1aa0d2-de02-446f-bf0a-cefd87faf7a7	Bivio	RESORT	CORE	GR	CH-5234				Bivio Sportanlagen AG	https://www.schneesportbivio.ch		2560	1769	14	4	27	12-19	04-11	Small independent area; official site claims 30+ km, databases give 27 km. Weekend-only in early Dec
cb5977be-952a-463a-84df-a331efafd26a	Avers	RESORT	CORE	GR	CH-5233			Cresta	Avers Skibetriebs AG	https://skiferien-graubuenden.ch		2539	1988		3	8	12-20	04-12	Very small high-altitude area at Avers-Juppa; mostly steep/ungroomed. Run count not published
64597f5e-8214-46b7-9446-4f5f262358bf	Savognin	RESORT	STANDARD	GR	CH-5232			Surses	Savognin Bergbahnen AG	https://www.valsurses.ch		2713	1200	25	12	70	12-06	04-06	Full resort in Surses/Parc Ela; skiresort.info gives 73.5 km / base 1168 m
32cf26e9-55a6-41c6-b0c6-5bf21ffbd066	Bergün	RESORT	STANDARD	GR	CH-5231			Albulatal	Bergün Filisur Tourismus AG	https://www.berguen-filisur.graubuenden.ch		2550	1384		5	25	12-20	03-15	Darlux plus village beginner lifts; partly weekend/holiday operation. Also the 6 km Preda-Bergün sledge run
f9333774-9ffa-439f-9a20-8df4f0539ae3	Filisur	RESORT		GR	CH-5231			Albulatal											NOT_A_SKI_RESORT - village (~1030 m) with no lifts; all lifts are at Bergün ~6 km away
aed8467e-cae9-4c42-8cd8-80510b9eb10f	Arosa east	RESORT		GR	CH-5121			Plessur	Arosa Bergbahnen AG	https://arosalenzerheide.swiss		2653	1775	17	16	70	11-29	04-12	NOT_A_SKI_RESORT - merged into Arosa (SNOW-544). Arosa east / Plessur' is a district label, not a distinct resort. DUPLICATE of the Arosa row
d48e011b-ff81-41f1-9985-a6513d1f523c	Ilanz	RESORT		GR	CH-5214			Vorderrhein											NOT_A_SKI_RESORT - valley town (~700 m) in the Surselva; gateway to Obersaxen-Mundaun and Val Lumnezia
7ba892a8-e129-46f5-9c95-fe1391e56efc	Grindelwald	RESORT	CORE	BE	CH-1242			Jungfrau Region	Jungfraubahnen	https://www.jungfrau.ch		2472	1034	59	22	103	11-29	04-26	Shares the Kleine Scheidegg/Männlichen domain with Wengen. Grindelwald-First is a separate area, not included
10f80c71-bc57-4b07-8e79-9affe54a51ac	Wengen	RESORT	CORE	BE	CH-1233			Jungfrau Region	Jungfraubahnen	https://www.jungfrau.ch		2472	1274	59	22	103	11-29	04-26	Same shared domain as Grindelwald; base given is Wengen village (domain low point is 1034 m)
1b199d73-600d-4921-9b15-4b45a6d67d9b	Mürren	RESORT	CORE	BE	CH-1233			Jungfrau Region	Schilthornbahn AG	https://muerren.swiss		2970	796		13	51	11-22	05-03	Separate Mürren-Schilthorn domain, NOT lift-connected to Kleine Scheidegg. Base 796 m is Lauterbrunnen station; village 1638 m
54441499-cf6e-464a-aee4-14c9066e198a	Lauterbrunnen	RESORT		BE	CH-1233			Jungfrau Region											NOT_A_SKI_RESORT - valley-floor village (796 m); transport base for Wengen and Mürren, no ski area of its own
797f974b-b55f-46cf-8244-3d1248682c34	Gstaad	RESORT	CORE	BE	CH-1222			Saanenland	Bergbahnen Destination Gstaad AG	https://www.gstaad.ch		3016	1050		44	200	11-27	04-04	Shared Gstaad region (one pass, 9 sectors, not all lift-connected). Top 3016 m is Glacier 3000
4e096ac2-15f3-4678-8ab5-dac15cc43c9f	Saanen	RESORT	STANDARD	BE	CH-1112			Saanenland	Bergbahnen Destination Gstaad AG	https://www.gstaad.ch		3016	1011		44	200	11-27	04-04	Shared Gstaad region figures; Saanen's local sector is Eggli / La Videmanette (58 km, 9 lifts)
4d0a2493-9148-424d-8d9b-4f89ab7704f9	Schönried	RESORT	STANDARD	BE	CH-1222			Saanenland	Bergbahnen Destination Gstaad AG	https://www.gstaad.ch		3016	1231		44	200	11-27	04-04	Shared Gstaad region figures; Schönried's local sectors are Horneggli and Rellerli
579aefe6-fd6b-49c5-8e9e-39a079a58659	Zweisimmen	RESORT	STANDARD	BE	CH-1228			Simmental	Bergbahnen Destination Gstaad AG	https://bergbahnen-gstaad.ch		2011	948		16	88.9	11-27	04-04	Rinderberg/Saanerslochgrat/Horneggli sector serving Zweisimmen/Saanenmöser/Schönried/St. Stephan
0b1d5b04-22da-48a2-967c-cbc28e7cf5f6	Lenk	RESORT	STANDARD	BE	CH-1224			Simmental	Bergbahnen Adelboden-Lenk AG	https://betelberg.ch		2001	1083		11	42	12-15	04-05	Betelberg sector; former Lenk Bergbahnen merged into Bergbahnen Adelboden-Lenk AG in 2023/24
0791db43-d986-42ef-a247-46b0da5b8021	Adelboden	RESORT	CORE	BE	CH-1226				Bergbahnen Adelboden-Lenk AG	https://www.adelboden-lenk.ch		2200	1260		22	86	11-28	04-11	Chuenisbärgli/Silleren/Hahnenmoos/Metsch sector, incl. the Chuenisbärgli World Cup slope
7c2df3aa-9547-40c5-a839-8c7382353662	Kandersteg	RESORT	STANDARD	BE	CH-1231			Kandertal	Gondelbahn Kandersteg-Oeschinensee AG	https://www.oeschinensee.ch		1730	1200		6	13	12-15	03-15	Oeschinensee sector; small standalone area, not part of a larger domain
8b6163c0-29c3-4a62-9e6c-3926a5a392f5	Meiringen	RESORT	STANDARD	BE	CH-1244			Haslital	Bergbahnen Meiringen-Hasliberg AG	https://www.meiringen-hasliberg.ch		2433	1065		13	60	12-15	04-05	Shared domain with Hasliberg; Meiringen town (~595 m) connects via gondola
4c982ac5-85e6-4aa7-aee5-7906c1e758f9	Hasliberg	RESORT	STANDARD	BE	CH-1244			Haslital	Bergbahnen Meiringen-Hasliberg AG	https://www.meiringen-hasliberg.ch		2433	1065		13	60	12-15	04-05	Same connected Meiringen-Hasliberg domain
b6854f15-652d-4f41-999b-d384fb496d00	Grimmialp	RESORT	STANDARD	BE	CH-1228			Niedersimmental	Grimmialpbergbahnen Diemtigtal AG	https://www.grimmialp.ch		1833	1233		3	7.2	12-15	03-15	Small family area in the Diemtigtal nature park, near Schwenden
ca8f664b-8bd7-40bf-8015-54d08ce5dcca	Frutigen	RESORT	STANDARD	BE	CH-1226				Elsigenalpbahnen AG	https://elsigen-metsch.ch		2289	1334		11	30	11-15	04-05	Elsigen-Metsch sector; accessed from Achseten near Frutigen, not from the town itself
d23ee1cd-1ec3-4892-9ca8-fb800c323ca9	Beatenberg	RESORT	STANDARD	BE	CH-1213				Niederhornbahn AG	https://www.niederhorn.ch		1945	1127		3	5	12-15	03-15	Small Niederhorn family area above Beatenberg
2d459c55-d49a-4002-8bc5-b2a7534d85f9	Grimsel	TOURING_TERRAIN	STANDARD	BE	CH-1247			Haslital high											mountain pass road under winter closure; no lifts
056411c3-f66e-4bc6-853d-f7d670541a56	Sustenpass	TOURING_TERRAIN	STANDARD	BE	CH-1246														mountain pass road under winter closure; no lifts
9e2f63b5-5f8e-4114-ac86-c1c9e643fe1b	Lötschental	RESORT	CORE	BE/VS	CH-4211				Lauchernalp Bergbahnen AG	https://www.loetschental.ch		3100	1403	12	6	37.5	12-15	04-15	Valley of several villages; the Lauchernalp domain is accessed by cable car from Wiler
f6aed16f-e5f4-4a61-b7f3-9edf304399ed	Blatten	TOURING_TERRAIN	STANDARD	VS	CH-4211			Lötschental											no lifts of its own (valley skiing is via Lauchernalp from Wiler); village largely destroyed by the May 2025 rockslide
9b08079a-9b73-4e0c-b4ca-a8a40c4f933c	Leysin	RESORT	STANDARD	VD	CH-1113			Alpes Vaudoises	Télé Leysin-Col des Mosses-La Lécherette SA (TLML)	https://www.tlml.ch		2198	1250		12	60	11-25	04-15	Leysin sector; bus-linked to Les Mosses-La Lécherette for a combined ~100 km
958e98c8-d45b-444e-8235-10a1ed07ef3e	Villars-sur-Ollon	RESORT	STANDARD	VD	CH-1114			Alpes Vaudoises	Télé Villars-Gryon-Diablerets SA (TVGD)	https://www.villars.ch		2120	1224		30	87	12-05	04-15	Connected Villars-Gryon-Les Diablerets domain; TVGD markets 100+ km, measured 87 km
14ebed62-2769-4918-ad7e-e45392487515	Gryon	RESORT	STANDARD	VD	CH-1114			Alpes Vaudoises	Télé Villars-Gryon-Diablerets SA (TVGD)	https://www.tvgd.ch		2120	1224		30	87	12-05	04-12	Gryon village 1130 m, gondola base at Barboleuse; figures are the whole connected domain
223e051c-6e5f-4b7a-9859-af72b224482e	Château-d'Oex	RESORT		VD	CH-1112														NOT_A_SKI_RESORT - La Braye closed since 2018 (commune withdrew subsidies), Monts Chevreuils abandoned 2024; only a snow garden and sledging today
3df17365-3b1b-473b-bf9b-1c726a134b42	Les Diablerets	RESORT	STANDARD	VD	CH-1114			Alpes Vaudoises	Télé Villars-Gryon-Diablerets SA (TVGD)	https://www.tvgd.ch		2120	1224		30	87	12-05	04-12	Village 1160 m, joins the domain via Meilleret. The local Isenau sector has been closed since 2017/18
833c4bb3-dc38-4d16-9f72-4e5a52ac6965	Glacier 3000	RESORT	STANDARD	VD	CH-1114			Alpes Vaudoises	Glacier 3000 (Gstaad 3000 AG)	https://www.glacier3000.ch		3016	1546	9	10	31	11-08	04-30	Distinct glacier area, separate operator from TVGD. Base = Col du Pillon station; lowest lift point Reusch ~1345 m
2cf4001f-f631-45a2-91cf-77421537a8d3	Aigle	RESORT		VD	CH-1113														NOT_A_SKI_RESORT - valley town on the Rhône plain (~415 m), no lifts or pistes
ec9d8e2f-dd18-4482-81ff-a934ba9b66aa	Moléson	RESORT	STANDARD	FR	CH-1121			Gruyères	Gruyères-Moléson-Vudalla SA	https://www.moleson.ch		1978	1109	6	6	30	12-15	02-28	Fribourg pre-alpine area; funicular to Plan-Francey plus cable car to the 2002 m summit. Short low-altitude season
b7eeb4e7-a773-4fe3-b2b7-f6566cfa9e2b	Charmey	RESORT	STANDARD	FR	CH-1121			Gruyères	TéléCharmey SA	https://www.charmey.ch		1626	875		5	30	12-15	03-15	Charmey-Vounetz; run count not published, lift count varies 4-5 by source
c5962835-e2aa-4258-b364-862d257eaea3	Jaun	RESORT	STANDARD	FR	CH-1121			Jaunbach	Jaun-Gastlosen Bergbahnen AG	https://jaun-bergbahnen.jimdoweb.com		1571	1023		4	20	12-15	03-22	Small area at the foot of the Gastlosen; run count not reliably published
fd30b251-fe78-4591-9645-60fbb7b71ae5	Rochers-de-Naye	RESORT	MINOR	VD	CH-1111			Montreux area	SID Montreux	https://www.montreuxriviera.com		2012	1898		3	1	12-13	03-29	Still operating: ~1 km of piste, rail access only via the MOB cog railway. Lift count varies 3-5 by source
fe02a2d3-d79b-4098-b6ac-54646f855742	Andermatt	RESORT	CORE	UR	CH-2224			SkiArena	Andermatt-Sedrun Sport AG	https://www.andermatt-sedrun-disentis.ch		2961	1444	43	22	120	11-15	04-18	SkiArena Andermatt-Sedrun. With Disentis the combined region is 180 km / 33 lifts. Majority-owned by Vail Resorts since 2022
2d190485-600b-4424-a1b7-68584ac82e91	Realp	RESORT	MINOR	UR	CH-2223			Andermatt area	Skilift Realp	https://www.skiliftrealp.ch		1660	1550	1	2	1	12-15	03-28	Small T-bar + pony lift at the foot of the Furka Pass; separate from SkiArena, limited weekday opening
34c7efd1-99cd-42ca-b40a-eea7f78f16cc	Göschenen	RESORT		UR	CH-2223														NOT_A_SKI_RESORT - valley village (~1100 m) at the Gotthard north portal; nearest areas are Gemsstock/Andermatt 6-7 km away
2a92771f-c4dc-4a64-8ec9-950f1afcd952	Engelberg	RESORT	CORE	OW	CH-2122				TITLIS Bergbahnen	https://www.engelberg.ch		3020	1002		26	82	10-11	05-03	Covers Titlis-Trübsee-Jochpass plus the separate Brunni sector; Titlis sector alone is ~70 km / 18 lifts. Glacier gives a long season
daf160e5-62ef-4298-9a33-f24121a9e3a5	Melchsee-Frutt	RESORT	STANDARD	OW	CH-2123				Sportbahnen Melchsee-Frutt AG	https://frutt.ch		2255	1080	10	16	36	12-13	04-06	Base is Stöckalp 1080 m; the car-free village sits at ~1920 m, reached by gondola
4b711fc0-2355-4d83-839d-a5164313d5c8	Elm	RESORT	STANDARD	GL	CH-3113			Glarnerland	Sportbahnen Elm AG	https://sportbahnenelm.ch		2105	1020	16	5	40	12-12	03-28	Elm im Sernftal; official site states 40 km (some aggregators say 44), lift count varies 5-6
a5f4c802-10c3-4006-96d2-17f0fcefbe18	Braunwald	RESORT		GL	CH-3112			Glarnerland	Sportbahnen Braunwald AG	https://www.braunwald.ch		1901	1256						NOT_A_SKI_RESORT - retired — alpine lifts stop winter 2026/27 (SNOW-544). ALPINE SKI OPERATIONS DISCONTINUED from winter 2026/27 (announced 22 Jun 2026). Piste/lift/season fields blanked - pre-closure figures (~26 km, 10 lifts) no longer valid
2e85c106-25d5-4587-a91b-5b2d6867d59e	Klausenpass	TOURING_TERRAIN	STANDARD	GL	CH-3112														road pass (1948 m) closed from late Oct/early Nov to late May/June; no lifts
afe919a9-cdc8-4f3f-aeec-96d1ddbde28d	Wildhaus	RESORT	STANDARD	SG	CH-3211			Toggenburg	Bergbahnen Wildhaus AG	https://www.wildhaus.ch		2076	1020	12	6	23	12-12	03-28	Wildhaus-Gamserrugg sector. Shares the Toggenburg pass with Chäserrugg but is NOT lift-connected to it
f3826e53-ef76-4039-b7aa-c5b2f39cfc8b	Unterwasser	RESORT	STANDARD	SG	CH-3211			Toggenburg	Toggenburg Bergbahnen AG	https://www.chaeserrugg.ch		2262	910	23	12	50	11-28	04-06	Base village of the Chäserrugg/Unterwasser/Alt St. Johann sector; different operator from Wildhaus, not lift-connected
d0407dac-5400-4864-8667-36fe6ac042f6	Flumserberg	RESORT	STANDARD	SG	CH-3223				Bergbahnen Flumserberg AG	https://www.flumserberg.ch		2222	1220	43	17	65	11-16	03-29	Largest area between Zurich and Chur. Gondola also runs from Unterterzen (425 m); lowest piste ends at 665 m
997b8c34-ba8a-4bda-a5b2-995035c4c51a	Pizol	RESORT	STANDARD	SG	CH-3223			Bad Ragaz	Pizolbahnen AG	https://pizol.com		2250	509	22	12	43.6	11-27	04-04	Base 509 m is the Bad Ragaz valley station; second base at Wangs. Resort markets ~50 km incl. ski routes
cba3dc70-c1e0-4def-bbd0-cb3e332169f8	Airolo	RESORT	STANDARD	TI	CH-6112			Leventina	Valbianca SA	https://www.airolo.ch		2250	1175		8	30	12-23	03-28	Airolo-Pesciüm, Valle Leventina. Plus ~10 km of ski routes and ~1 km night skiing. Run count not published
740a7437-4d07-42c0-b225-b9566ed1ae06	Bedretto	RESORT	MINOR	TI	CH-6111			Valle Bedretto	Impianti Turistici Cioss Prato	https://ciossprato.jimdofree.com		1610	1550		2	0.6	12-26	03-15	Cioss Prato (Villa, Bedretto): one T-bar plus a children's lift, 60 m vertical. Val Bedretto is mainly cross-country
395c3903-60d5-4a5b-b284-8c57fabc5e54	Bosco Gurin	RESORT	STANDARD	TI	CH-6121				Centri Turistici Montani SA	https://www.bosco-gurin.ch		2331	1482	13	7	30	12-15	04-05	Grossalp above Bosco/Gurin, Ticino's highest and only Walser-German village. Some sources quote ~2400 m top
08759426-8006-4202-bbb4-9df8ee2571a9	Blenio	RESORT	MINOR	TI	CH-6113			Lucomagno	Società Cooperativa Impianti Turistici Campo Blenio-Ghirone	https://www.campoblenio.ch		1578	1207		3	2	12-15	03-15	Matched to Campo Blenio. Lucomagno pass itself has no lifts. Nara-Leontica is in Acquarossa, not Blenio
eca1ec24-1a29-4aac-a9cf-9d5820552546	Locarno	RESORT		TI	CH-6131			Centovalli											NOT_A_SKI_RESORT - lakeside city (~200 m); Centovalli is a valley/rail line. Nearby Cardada-Cimetta permanently ended ski operations
6555f088-e308-4487-a08d-5210bb0cc4c1	San Bernardino	RESORT	STANDARD	GR/TI	CH-6211			Mesolcina	San Bernardino SA Impianti Turistici	https://sanbernardino-swissalps.com		2525	1637	15	11	39.8	12-06	03-28	Closed for several years, reopened 27 Dec 2023 under new owner. Operation remains snow/finance dependent - verify each season
2711d130-9eaa-5659-a0a9-0fc2c094362c	Sedrun	RESORT	CORE	GR	CH-5211	46.68	8.777				Graubünden half of SkiArena Andermatt-Sedrun. Sheet already carries Andermatt at 120 km domain figures with no Sedrun row.	2600			11	55			
15b3a592-7810-526b-983a-5a2b47b78d74	Anzère	RESORT	CORE	VS	CH-4121	46.293	7.398				Open bowls under Pas de Maimbré; main gateway to Wildhorn/Rawil touring.	2420			12	58			
b3fb5973-b2a2-51bf-ab7d-98d430455351	Hoch-Ybrig	RESORT	CORE	SZ	CH-2132	47.015	8.79				Largest resort in Schwyz, heavy Zurich day-trip load, busy touring hub (Druesberg, Fluebrig).	1831			12	50			
ce636e6c-971f-5b08-b8f9-e57246108ad6	Mythenregion	RESORT	CORE	SZ	CH-2132	47.035	8.69				Ibergeregg and the Mythen flanks are among the busiest touring areas in Central CH, with a real accident record.	1593			17	50			
bbb3d82c-9115-56a5-9bfb-915c83c75af2	Grächen	RESORT	CORE	VS	CH-4221	46.195	7.837				Largest Valais resort absent. Seetalhorn high alpine terrain, heavy off-piste.	2864			10	44			
e95120fe-c256-542a-9d08-7924d184a0fc	Sörenberg	RESORT	CORE	LU	CH-2121	46.822	8.037				Largest resort in Lucerne, only high-alpine terrain in the Entlebuch. Brienzer Rothorn freeride.	2298			14	42			
4562ec07-0948-5ee6-90a2-9cee30e991e6	Klewenalp-Stockhütte	RESORT	CORE	NW	CH-2124	46.944	8.49				Main lift-served area in Nidwalden; north-facing bowls under Brisen.	1938			15	40			
b5d4a4cc-1334-5a97-8859-1e5c9c06a2d8	Brigels/Waltensburg/Andiast	RESORT	CORE	GR	CH-5124	46.777	9.07				Mid-size Surselva area, known powder descents toward Waltensburg.	2418			10	40			
1df74e40-6d61-5557-af48-7344dd91a093	Les Mosses-La Lécherette	RESORT	CORE	VD	CH-1113	46.393	7.1				One of Romandie's busiest touring basins (Pic Chaussy, Para) with frequent involvements.	1874			14	40			
7a80c9b5-06d2-5a46-b097-caf27bd5bc62	Blatten-Belalp	RESORT	CORE	VS	CH-4214	46.383	7.98				1796 m vertical to 3118 m; strong freeride reputation, marked ski routes.	3118			10	38.1			
2fc9653c-cbe0-510f-82ce-81b538490b6e	Stoos	RESORT	CORE	SZ	CH-2133	46.979	8.663				Fronalpstock and Klingenstock are steep and exposed; terrain quality exceeds lift count.	1935			8	35			
44bfdeb2-8522-56d8-a38c-aaa6d2c8a241	Nax - Mont-Noble	RESORT	CORE	VS	CH-4122	46.24	7.44				Reaches 2640 m at the mouth of Val d'Hérens; popular randonnée circuits.	2640			6	35			
e00b6a66-c07a-5500-8aa0-77e76526afb1	Tschiertschen	RESORT	CORE	GR	CH-5122	46.815	9.61				Nationally known freeride destination. Four lifts, disproportionate avalanche relevance.	2381			4	32			
97b18c6a-7adb-5152-9726-61033044fee7	Grüsch Danusa	RESORT	CORE	GR	CH-5112	46.965	9.66				Mid-size Prättigau area with substantial off-piste and a touring gateway.	1800			6	31			
0490f13a-5b53-55f9-a70d-718d1d4c72d6	Chur Brambrüesch	RESORT	STANDARD	GR	CH-5122	46.835	9.52				Cable car from the city; common Dreibündenstein touring start.	2174			5	20			
3d6f6c30-cf77-5783-aeb8-8525ba540463	Schwarzsee	RESORT	STANDARD	FR	CH-1121	46.665	7.28				Fribourg's most important touring hub (Kaiseregg, Schafberg); high accident density for its altitude.	1751			6	20			
88b0556c-2e92-5463-9687-8379241c3770	Carì	RESORT	STANDARD	TI	CH-6115	46.475	8.828				Mid-size Leventina area; touring base for the Campolungo group.	2280			4	20			
50b1a98d-2258-55c7-990c-ec8388d028e6	Bellwald	RESORT	STANDARD	VS	CH-4241	46.43	8.175				Goms sun terrace to 2558 m; common start for Goms tours.	2558			5	20			
211e743b-e0e6-5e77-aee3-8c6cec23d0ef	Rougemont - La Videmanette	RESORT	STANDARD	VD	CH-1112	46.488	7.2				Vaud gateway into the Gstaad domain; Gummfluh couloirs.	2151			3	20			
bd1a0b13-face-5972-a14f-52eb1f9e5955	Sarn (Heinzenberg)	RESORT	STANDARD	GR	CH-5221	46.752	9.412				Natural-snow slopes, touring toward Bischolapass.	2075			4	20			
c199ed30-6934-51ce-b3b9-93db5b7ca055	Hochwang	RESORT	STANDARD	GR	CH-5112	46.88	9.59				Natural-snow Schanfigg area, notable touring hill.	2299			3	19.6			
af062716-f033-5d12-bf91-f42203453a3c	Unterbäch	RESORT	STANDARD	VS	CH-4221	46.283	7.785				Adjoins Moosalp/Eischoll; Ginals terrain to 2443 m.	2443			7	19			
12af26c8-0227-57e9-860f-51ae0d55957c	Amden-Arvenbüel	RESORT	STANDARD	SG	CH-3222	47.152	9.145				Mattstock and the Amden terraces; steep sun-exposed south faces.	1684			6	17			
e5aac11b-1fdf-5952-8423-4151e456e6af	Engstligenalp	RESORT	STANDARD	BE	CH-1227	46.47	7.61				High plateau above Adelboden, own cable car, not piste-connected. Primary Wildstrubel touring launch.	2353			8	17			
0b0a3dc6-ac18-5d58-8045-4bb5e1f8adfc	Fideriser Heuberge	RESORT	STANDARD	GR	CH-5112	46.885	9.72				Car-free, tour-focused clientele. High open avalanche-prone terrain (Arflina, Chüpfenflue).	2356			4	15			
7b47ff43-baca-55f4-ab9e-119bb7f31cfe	Axalp ob Brienz	RESORT	STANDARD	BE	CH-1241	46.718	8.033				Natural-snow slopes; touring toward Windegg.	1959			6	15			
06684883-d502-574e-a96f-e4fc3402cc38	Alt St. Johann - Sellamatt	RESORT	STANDARD	SG	CH-3222	47.1922	9.2783				Separate Toggenburg base under the Churfirsten north faces — a frequently fatal touring zone.	1620			4	12			
f281925f-94c8-52b3-9688-f69d79a13505	Mörlialp	RESORT	STANDARD	OW	CH-2121	46.845	8.155				Main non-Melchsee area in Obwalden; open bowls toward Glaubenbielen.	1837			8	12			
1f358f4f-7b92-5e26-87f0-7274789e5c20	Wiriehorn	RESORT	STANDARD	BE	CH-1228	46.615	7.565				Diemtigtal; steep north flanks. Sheet already has Grimmialp in the same valley.	1868			6	11.2			
0be39bee-9c0d-5f10-be00-ab2c6b4211bd	Säntis - Schwägalp	RESORT	STANDARD	AR	CH-3222	47.255	9.323				No groomed pistes — pure freeride/ski-route terrain. Operator suspends skier transport from level 3 up.	2473			1	10			
976a5009-e69e-558e-9b8c-d8c9b6e2018e	Ebenalp - Wasserauen	RESORT	STANDARD	AI	CH-3222	47.284	9.427				Principal winter access into the Alpstein; standard start for heavily used tours.	1720			7	10			
ffdb671a-7911-59fc-96a5-d3b84c6eb325	Brunni - Engelberg	RESORT	STANDARD	OW	CH-2122	46.825	8.4				Separate operator opposite Titlis; Ristis/Rigidalstock touring start.	2075			10	8.5			
ef6a5f70-7809-523f-914e-d23ed97f50a2	Gitschenen - Isenthal	RESORT	MINOR	UR	CH-2212	46.9	8.567				Two lifts, nationally known touring base (Uri Rotstock, Schwalmis, Brisen).	1570			2	5			
98bd56e7-aa00-5867-b5ef-56ef194bc172	St. Antönien	RESORT	MINOR	GR	CH-5111	46.977	9.803				Tiny village lift. One of Switzerland's most important touring basins, very high backcountry traffic.	1656			2	3			
ec426d23-8134-5ef9-99a9-f99db1641411	Bannalp	RESORT	MINOR	NW	CH-2122	46.865	8.445				High snow-sure plateau; touring base for Walenstöcke, Ruchstock, Brisen.	1793			3	3			
8152192b-ae61-5ae7-8dc3-d50dee168ea3	Lauenen	RESORT	MINOR	BE	CH-1222	46.437	7.32				Single lift, but a heavily used touring valley (Wildhorn, Geltenhorn).	1405			1	3.5			
fa06c765-1d1a-59bb-b3e6-ca00fa298b56	Brunni - Alpthal	RESORT	MINOR	SZ	CH-2132	47.065	8.73				One lift. Among the most used touring and snowshoe trailheads in Central CH, significant accident record.	1200			1	1.3			
0ac82ef8-b266-5461-8231-91d33f314999	Haldigrat	RESORT	MINOR	NW	CH-2122	46.902	8.418				Freeride-only, no prepared pistes, no avalanche control on the descents. A pure decision venue.	1937			1	0			
